{
    "54": {
        "precision": 0.7522567703109327,
        "c_hyperparams": {
            "max_depth": 1,
            "n_estimators": 1000,
            "lr": 0.1
        },
        "p_hyperparams": {
            "max_depth": 1,
            "n_estimators": 1000,
            "lr": 0.1
        },
        "custom_score": 5275,
        "cv_best_thr": 0.6621999740600586,
        "recall": 0.30144694533762056,
        "accuracy": 0.603
    },
    "46": {},
    "58": {},
    "61": {},
    "54e": {
        "precision": 0.7305751765893037,
        "c_hyperparams": {
            "max_depth": 2,
            "n_estimators": 500,
            "lr": 0.1
        },
        "p_hyperparams": {
            "max_depth": 2,
            "n_estimators": 500,
            "lr": 0.1
        },
        "custom_score": 4915,
        "cv_best_thr": 0.6817710399627686,
        "recall": 0.2909967845659164,
        "accuracy": 0.5938
    },
    "46e": {},
    "58e": {},
    "61e": {}
}