{
    "61": {
        "precision": 0.7497497497497497,
        "c_hyperparams": {
            "max_depth": 1,
            "n_estimators": 3000,
            "lr": 0.1
        },
        "p_hyperparams": {
            "max_depth": 1,
            "n_estimators": 3000,
            "lr": 0.1
        },
        "custom_score": 5250,
        "cv_best_thr": 0.6699750423431396,
        "recall": 0.30104501607717044,
        "accuracy": 0.6022
    },
    "46": {
        "precision": 0.7197197197197197,
        "c_hyperparams": {
            "max_depth": 3,
            "n_estimators": 1000,
            "lr": 0.1
        },
        "p_hyperparams": {
            "max_depth": 3,
            "n_estimators": 1000,
            "lr": 0.1
        },
        "custom_score": 4800,
        "cv_best_thr": 0.7397075891494751,
        "recall": 0.2889871382636656,
        "accuracy": 0.5902
    },
    "58": {
        "precision": 0.7297297297297297,
        "c_hyperparams": {
            "max_depth": 3,
            "n_estimators": 1000,
            "lr": 0.1
        },
        "p_hyperparams": {
            "max_depth": 3,
            "n_estimators": 1000,
            "lr": 0.1
        },
        "custom_score": 4950,
        "cv_best_thr": 0.7467660903930664,
        "recall": 0.2930064308681672,
        "accuracy": 0.5942
    },
    "61e": {
        "precision": 0.7048192771084337,
        "c_hyperparams": {
            "max_depth": 3,
            "n_estimators": 1000,
            "lr": 0.1
        },
        "p_hyperparams": {
            "max_depth": 3,
            "n_estimators": 1000,
            "lr": 0.1
        },
        "custom_score": 4560,
        "cv_best_thr": 0.763249397277832,
        "recall": 0.2821543408360129,
        "accuracy": 0.584
    },
    "46e": {
        "precision": 0.7477477477477478,
        "c_hyperparams": {
            "max_depth": 2,
            "n_estimators": 500,
            "lr": 0.005
        },
        "p_hyperparams": {
            "max_depth": 2,
            "n_estimators": 500,
            "lr": 0.005
        },
        "custom_score": 5220,
        "cv_best_thr": 0.6296141147613525,
        "recall": 0.3002411575562701,
        "accuracy": 0.6014
    },
    "58e": {
        "precision": 0.717434869739479,
        "c_hyperparams": {
            "max_depth": 2,
            "n_estimators": 3000,
            "lr": 0.1
        },
        "p_hyperparams": {
            "max_depth": 2,
            "n_estimators": 3000,
            "lr": 0.1
        },
        "custom_score": 4760,
        "cv_best_thr": 0.7778360843658447,
        "recall": 0.2877813504823151,
        "accuracy": 0.5892
    }
}